"id","name","dob","genderid","fitness_center_id","countryid","sur_name"
501,"Adora","1991-01-23",1,954,13,"Halstead"
502,"Natal","1958-04-20",1,658,11,"Greaterex"
503,"Tanya","1981-05-23",2,324,13,"Handover"
504,"Carmina","1992-11-11",2,811,41,"Slimme"
505,"Laurent","1959-08-28",1,741,1,"Jeays"
506,"Maje","1991-03-31",1,685,14,"Pepler"
507,"Brice","1975-04-22",2,1079,40,"Capaldo"
508,"Elisha","1987-06-05",1,838,28,"Axup"
509,"Shirleen","1983-02-01",1,556,32,"Elland"
510,"Alejandro","1992-12-11",2,886,14,"Furniss"
511,"Hakim","1963-01-30",2,512,7,"Grassi"
512,"Esma","1983-05-04",2,918,22,"Smallpeace"
513,"Fraze","1983-07-31",1,975,29,"Le Breton De La Vieuville"
514,"Brianne","1989-07-03",1,209,4,"Peskett"
515,"Prisca","1998-10-10",2,1079,12,"O'Driscole"
516,"Wilmer","1981-02-16",2,805,23,"Meric"
517,"Bryan","1955-08-24",1,812,29,"Cote"
518,"Meryl","1951-12-30",1,459,41,"Dumbreck"
519,"Tim","1955-09-20",2,1086,50,"Clemont"
520,"Barnie","1990-08-26",1,211,48,"Jeakins"
521,"Fredrika","2000-12-07",1,980,42,"Muller"
522,"Viviene","1966-05-16",2,389,20,"Loton"
523,"Reginald","1974-11-29",1,911,26,"Bodemeaid"
524,"Nil","1985-06-05",2,471,21,"Whether"
525,"Elianora","1962-01-19",2,552,5,"Moodie"
526,"Jessee","1991-08-27",1,957,49,"Astle"
527,"Fritz","1977-09-11",2,709,24,"Roizin"
528,"Karole","1973-04-23",2,1063,40,"Millbank"
529,"Arabelle","1989-10-06",1,1012,16,"Ramsbottom"
530,"Temp","2000-04-07",2,624,26,"Mattocks"
531,"Marcellina","1964-04-29",2,1059,40,"Pidgin"
532,"Berget","1966-09-21",1,542,2,"D'Souza"
533,"Rudolph","1973-01-28",2,123,10,"Hilley"
534,"Knox","1956-03-08",2,264,19,"Sidsaff"
535,"Matty","1986-05-14",2,501,26,"Benham"
536,"Inna","1980-04-20",1,535,49,"Jolland"
537,"Ginelle","1961-07-25",2,724,25,"Hurworth"
538,"Beale","1976-01-09",2,949,15,"Cridlan"
539,"Kikelia","1995-12-10",1,356,16,"Popplestone"
540,"Ernestus","2000-03-04",1,740,15,"Fernehough"
541,"Karlotta","1996-01-03",1,897,27,"Element"
542,"Hildegarde","1969-09-03",1,980,19,"Camm"
543,"Kenny","1981-07-23",2,1008,47,"Davidson"
544,"Charley","1983-02-28",1,291,11,"Ternent"
545,"Pen","1999-01-13",1,1068,34,"Kiln"
546,"Wye","1964-01-14",2,164,44,"Meates"
547,"Pennie","1991-07-10",1,256,30,"Merryfield"
548,"Darlleen","1964-10-24",1,500,10,"Orum"
549,"Bil","1992-09-14",2,158,37,"Priden"
550,"Pat","1980-01-23",2,536,43,"Sine"
551,"Glenden","1966-08-20",1,1057,3,"De Malchar"
552,"Taryn","1987-06-25",1,144,8,"Lyes"
553,"Dael","1993-07-27",2,717,32,"Mansour"
554,"Germain","1973-05-30",1,274,2,"Warters"
555,"Kennie","1999-10-25",2,677,47,"Upshall"
556,"Bobby","1977-04-18",2,993,44,"Browett"
557,"Margarette","1995-09-24",1,492,16,"Silkston"
558,"Sela","1997-12-05",1,698,28,"Berr"
559,"Kathrine","1958-09-20",2,1116,19,"Clemoes"
560,"Berrie","1974-09-03",1,1043,40,"Skamell"
561,"Rayshell","1966-06-27",1,1096,20,"Claricoats"
562,"Candide","1969-06-12",1,214,25,"Cullen"
563,"Morlee","1975-02-02",2,324,6,"Boullin"
564,"Ferne","1995-05-17",1,529,19,"Bridgman"
565,"Seamus","1959-05-27",2,320,35,"Lindblom"
566,"Berkly","1963-01-25",1,839,24,"Shilito"
567,"Ethel","1978-10-19",2,169,2,"Filintsev"
568,"Faun","1981-08-26",1,1005,42,"Guesford"
569,"Hildagarde","1952-08-06",1,449,47,"Binne"
570,"Gerty","1965-10-12",2,596,12,"Ketch"
571,"Antonella","1959-02-13",1,446,32,"Mussotti"
572,"Hussein","1954-04-17",2,810,12,"Iffland"
573,"Isak","1971-05-22",1,203,1,"Lorinez"
574,"Ange","1978-06-03",2,419,11,"Oates"
575,"Iggy","1983-07-03",1,875,16,"Guerrin"
576,"Herc","1995-03-25",1,581,25,"Karlik"
577,"Tracie","1965-02-26",2,675,34,"Emmerson"
578,"Emeline","1970-05-28",2,331,49,"Cubbinelli"
579,"Jessamyn","1963-07-28",1,965,25,"Ramsay"
580,"Elke","1976-04-25",1,591,15,"Klossmann"
581,"Gay","1962-08-18",1,1077,24,"Stidston"
582,"Berny","2000-12-03",2,761,46,"Strang"
583,"Nadean","1971-09-14",1,419,27,"Greer"
584,"Valentine","1990-09-03",2,585,8,"Harbage"
585,"Barnett","1979-02-02",2,883,16,"Blankley"
586,"Hortense","1976-03-29",2,837,8,"Dinning"
587,"Babb","1983-08-12",2,850,29,"Morriss"
588,"Kaylyn","1966-11-08",1,970,3,"Klass"
589,"Magdaia","1955-01-10",2,622,30,"Brotherton"
590,"Natasha","1957-03-05",2,957,15,"Corns"
591,"Derron","1990-08-29",1,233,31,"Pittham"
592,"Bobine","1968-02-11",2,1083,24,"Copas"
593,"Sindee","1985-03-27",1,978,25,"Westwick"
594,"Bendicty","1974-08-29",1,305,4,"Blakeway"
595,"Kalila","1964-10-26",2,898,40,"Euels"
596,"Craggie","1966-09-09",2,293,42,"Slayny"
597,"Mel","1966-03-19",1,162,30,"de Juares"
598,"Smith","1982-03-18",2,1120,29,"Janssens"
599,"Georgiana","1974-02-19",2,907,35,"Lehr"
600,"Starlin","1957-11-02",1,976,27,"Takkos"
601,"Tedi","1978-04-07",1,502,7,"Stogill"
602,"Carmelle","1981-04-08",1,416,45,"Akitt"
603,"Garrick","1981-05-18",2,1080,6,"Goggin"
604,"Saul","1959-05-21",1,689,23,"Voelker"
605,"Ardyth","1979-05-23",2,159,5,"Galvan"
606,"Jorrie","1958-04-08",2,831,13,"Dorkin"
607,"Serena","1964-05-28",1,555,44,"Glazzard"
608,"Wendye","1959-11-10",2,228,29,"Binyon"
609,"Jock","1991-06-22",1,763,12,"Skellen"
610,"Addie","1995-02-13",2,663,6,"Newport"
611,"Lorene","1959-04-17",1,985,31,"Le Fevre"
612,"Danell","1953-10-12",1,339,19,"Stoner"
613,"Bibbye","1951-05-31",2,791,46,"Castagnasso"
614,"Ebenezer","1973-05-24",1,209,36,"Jobbings"
615,"Alexandro","1954-06-03",1,585,42,"Bondy"
616,"Gwendolin","1964-10-04",1,609,12,"Finnigan"
617,"Monte","1971-10-07",2,1075,49,"Alleburton"
618,"Irvine","1993-12-15",2,358,30,"McDermott"
619,"Baird","1963-05-19",1,189,4,"Raimbauld"
620,"Leupold","1963-05-08",2,329,34,"Coraini"
621,"Alanson","1956-03-03",1,536,10,"Pitsall"
622,"Rees","1957-01-20",2,226,3,"Pelz"
623,"Melonie","1986-01-01",1,274,28,"Raden"
624,"Sela","1978-06-20",1,1080,4,"Hinsche"
625,"Laural","1974-09-29",1,758,7,"Kingsnorth"
626,"Clemmy","1965-03-29",1,694,37,"Santora"
627,"Jonah","1979-07-17",2,495,13,"De Roberto"
628,"Gerrie","1975-10-14",2,772,11,"Bischoff"
629,"Shelly","1981-05-22",2,803,23,"Fowgies"
630,"Ricky","1970-02-26",2,508,40,"Cosin"
631,"Diannne","1972-09-09",1,463,29,"Gagg"
632,"Ulla","1984-11-06",1,472,37,"Sugge"
633,"Kalie","1974-06-21",2,372,25,"Plumm"
634,"Danyelle","1963-05-27",2,690,32,"Lupson"
635,"Hebert","1987-07-03",1,235,46,"Wenger"
636,"Arther","1990-03-01",1,576,47,"Peasby"
637,"Babbette","1977-11-24",2,901,49,"Van De Cappelle"
638,"Carter","1984-05-28",1,485,12,"Sleeford"
639,"Odella","1958-07-29",1,880,35,"Sillito"
640,"Ynes","1965-03-01",2,132,46,"Sommerfeld"
641,"Ron","2000-10-19",2,409,48,"Tyas"
642,"Corenda","1962-02-21",2,875,48,"Giroldo"
643,"Lesley","1986-12-27",1,1002,38,"Bazylets"
644,"Matilda","1982-03-07",1,403,17,"Nozzolii"
645,"Arleen","1992-12-15",2,1114,27,"Frew"
646,"Geoffrey","1970-03-06",2,518,42,"Willimont"
647,"Gabriellia","1957-08-15",2,1030,4,"Kenewel"
648,"Gnni","1954-02-03",2,730,38,"Cohan"
649,"Barclay","1967-12-31",1,854,33,"Leggis"
650,"Mead","1982-03-04",1,1112,39,"Blackall"
651,"Carleton","1994-08-06",1,1100,11,"Alexandrou"
652,"Angie","1955-05-17",1,1075,42,"Catmull"
653,"Reginauld","1983-11-20",1,778,41,"Demicoli"
654,"Keir","1973-09-22",1,362,13,"Gilroy"
655,"Ede","1964-09-05",2,1055,45,"Gaven"
656,"Artur","1973-12-12",2,896,3,"Angrick"
657,"Sibyl","1956-10-07",1,846,23,"Crop"
658,"Terrence","1972-06-12",1,665,36,"Plum"
659,"Adara","1991-12-05",1,232,3,"Mulbery"
660,"Matthaeus","1984-05-22",1,727,48,"Crayden"
661,"Jessalin","1981-02-09",2,926,19,"Roots"
662,"Gil","1981-11-12",2,976,30,"McCrann"
663,"Vitia","1962-09-06",2,530,35,"Bertelmot"
664,"Remy","1988-04-25",2,821,34,"Paradyce"
665,"Davey","1971-04-08",2,456,37,"Quodling"
666,"Ashla","1957-07-20",2,307,17,"Drissell"
667,"Hyatt","1968-07-15",1,385,33,"Payn"
668,"Cherin","1971-07-20",1,525,38,"Brookshaw"
669,"Gal","1956-08-18",2,231,49,"Tivers"
670,"Dukie","1973-06-30",1,876,33,"Gylle"
671,"Artemis","1951-09-11",1,440,24,"Craft"
672,"Richmound","1972-05-15",2,622,11,"Gettens"
673,"Broddie","1995-09-02",1,625,42,"Pett"
674,"Netti","1953-04-07",2,1090,27,"Orans"
675,"Ula","1983-03-02",2,654,20,"Seint"
676,"Nariko","1977-05-10",2,470,3,"Clibbery"
677,"Ashleigh","1979-05-23",2,419,28,"Kalb"
678,"Amy","1979-03-26",2,209,6,"MacSkeaghan"
679,"Hermy","1976-01-31",2,676,10,"Wilkin"
680,"Nisse","1972-06-08",1,344,14,"Waddicor"
681,"Eduino","1998-06-10",1,958,27,"Maffey"
682,"Kalle","1999-09-03",1,1040,23,"Radki"
683,"Mimi","1998-09-02",1,498,17,"Oldall"
684,"Marco","1964-07-06",1,779,47,"Tretter"
685,"Tabby","1998-10-03",2,889,34,"Growden"
686,"Vanni","1999-08-25",2,651,29,"Sworder"
687,"Kristofor","1955-01-09",2,602,14,"Cordelette"
688,"Rhiamon","1956-06-16",1,263,12,"Edmands"
689,"Lusa","1999-10-28",2,1104,16,"Karmel"
690,"Charlton","1973-10-25",1,306,15,"Akeherst"
691,"Verla","1954-03-05",2,1094,3,"Sandys"
692,"Cherri","1967-09-20",1,216,50,"Goodey"
693,"Justen","1998-02-05",1,393,19,"Claris"
694,"Marcelline","1956-04-06",1,481,50,"Fairham"
695,"Aleen","1998-12-01",1,972,31,"Bossingham"
696,"Hope","1969-10-26",1,1108,38,"Hercules"
697,"Brit","1998-04-03",1,1115,23,"Culham"
698,"Garrott","1956-03-07",2,488,1,"Ellingsworth"
699,"Sheila-kathryn","1992-09-20",1,712,48,"Shutler"
700,"Erinn","1969-04-29",2,527,15,"Simionescu"
701,"Cassandre","1960-12-27",1,376,1,"Huffa"
702,"Sally","1987-04-27",2,1029,29,"Coiley"
703,"Joline","1973-06-18",2,752,44,"Tomblett"
704,"Iosep","1992-07-30",1,946,43,"Haddleton"
705,"Anna","1996-04-05",2,1017,11,"Romanelli"
706,"Lyn","1986-01-25",1,847,21,"Maben"
707,"Miran","1978-08-18",2,853,39,"Benasik"
708,"Allsun","1984-03-31",1,927,21,"Janousek"
709,"Nani","1979-11-11",2,961,5,"Bullar"
710,"Steffie","1992-11-26",2,1107,27,"Hissie"
711,"Victoir","1966-09-09",2,735,50,"Girdwood"
712,"Clair","1976-04-29",2,583,44,"Stenning"
713,"Cathie","1962-10-17",2,364,44,"Keasley"
714,"Billye","1981-04-05",2,671,44,"Le Marquis"
715,"Janina","1984-04-10",1,639,36,"Markel"
716,"Klarika","2000-04-25",1,256,27,"Boffin"
717,"Loydie","1967-12-05",1,568,19,"Locket"
718,"Darrel","1978-10-26",1,389,17,"Gaddas"
719,"Anet","1982-01-11",2,1113,2,"Rand"
720,"Massimo","1951-12-27",2,350,28,"Stoneman"
721,"Leonard","1983-03-16",1,746,37,"Pegler"
722,"Carrol","1969-02-28",1,185,1,"Tortis"
723,"Rich","1965-08-25",1,223,34,"Padrick"
724,"Seward","1961-06-15",2,988,45,"Whiff"
725,"Alysa","1978-07-15",2,907,18,"Hayman"
726,"Lawry","1951-11-18",1,185,26,"Fawcus"
727,"Morganne","1990-10-04",2,328,41,"Dogerty"
728,"Maudie","1986-02-28",2,281,49,"Caraher"
729,"Dot","1953-02-06",2,464,49,"Skurm"
730,"Gilburt","1954-06-21",2,658,12,"Colum"
731,"Miner","1973-05-03",2,690,23,"Pessler"
732,"Helen-elizabeth","1957-07-10",1,949,16,"Lawranson"
733,"Rozanna","1960-12-06",2,547,15,"Snugg"
734,"Bria","1958-05-27",2,206,48,"Kennion"
735,"Hughie","1966-05-27",2,781,42,"Rebillard"
736,"Audra","1964-09-24",2,242,35,"Cordeux"
737,"Torrin","1967-10-20",2,421,36,"Jessen"
738,"Sheena","1951-04-27",2,873,50,"Di Domenico"
739,"Gladys","1965-11-16",1,194,6,"Cuffe"
740,"Fidelity","1953-11-19",2,247,30,"Calven"
741,"Aymer","1995-03-09",2,798,16,"Berick"
742,"Gallagher","1995-08-20",1,422,19,"Bilbey"
743,"Nada","1964-12-05",1,286,4,"Vitte"
744,"Lenci","1961-05-14",1,552,49,"Ranscombe"
745,"Galvan","2000-06-14",2,805,33,"Cartledge"
746,"Fidelity","1968-12-24",1,1108,39,"Semmence"
747,"Farrand","1997-11-08",1,1057,34,"Corington"
748,"Murvyn","1959-11-12",1,612,20,"Brainsby"
749,"Kim","1992-01-22",2,407,15,"Jeffcoat"
750,"Waverly","1964-01-02",2,402,4,"Rooms"
751,"Bethena","1989-10-02",1,1115,45,"Cheeseman"
752,"Connie","1997-07-12",2,1071,20,"Le Barr"
753,"Georgia","1990-01-04",2,831,13,"Iskowicz"
754,"Levon","1985-07-04",1,752,47,"Atack"
755,"Jennee","1956-10-12",2,322,5,"Imlach"
756,"Jojo","1958-07-10",1,748,26,"Valero"
757,"Phylys","1957-01-16",1,380,13,"Hunday"
758,"Eleanore","1966-07-11",2,777,31,"Armitt"
759,"Chery","1976-11-25",1,189,39,"Bolens"
760,"Samson","1954-03-28",1,267,38,"Heart"
761,"Saundra","1980-07-29",1,292,11,"Proswell"
762,"Natal","1976-03-18",1,1027,17,"Puttock"
763,"Krystyna","1998-03-14",1,452,23,"Janikowski"
764,"Willdon","1997-03-18",2,467,35,"Girauld"
765,"Maurits","1996-07-06",2,1101,39,"Goshawke"
766,"Novelia","1959-11-18",2,161,46,"Junes"
767,"Ephrem","1970-10-13",2,517,34,"Amaya"
768,"Denys","1982-10-31",2,717,16,"Tidbold"
769,"Benedikt","1984-02-08",2,685,4,"Glander"
770,"Curran","1957-01-09",2,413,11,"Peach"
771,"Tad","1957-05-25",1,302,26,"Swatheridge"
772,"Clarita","1983-03-10",1,754,20,"Plenderleith"
773,"Latrena","1997-05-15",2,437,1,"Stapford"
774,"Myrta","1984-09-03",2,260,21,"Rhymer"
775,"Korry","1971-01-23",1,434,49,"Scardifield"
776,"Tarrance","1995-09-09",1,123,45,"Cowndley"
777,"Andree","1988-08-22",2,594,7,"Gourdon"
778,"Rina","1982-02-03",1,198,12,"De Bruyne"
779,"Hermie","1981-05-16",1,779,50,"Bartolomeoni"
780,"Hale","1952-03-20",1,234,44,"Hartzogs"
781,"Jillian","1992-10-26",2,908,3,"Yerlett"
782,"Cloris","1987-09-12",2,690,27,"Franks"
783,"Dulcy","1974-01-17",1,719,18,"Pittwood"
784,"Clywd","1979-01-24",2,222,48,"Grigson"
785,"Neddy","1987-07-01",2,926,40,"Blagden"
786,"Winona","1969-12-17",1,188,46,"Baudi"
787,"Jeane","1974-03-13",1,921,42,"Lankham"
788,"Neysa","1984-10-26",1,144,30,"Cluely"
789,"Rebekah","1995-08-24",2,1048,23,"De'Ath"
790,"Graig","1995-05-04",2,344,8,"Paulino"
791,"Tandy","1972-06-29",2,257,1,"Melladew"
792,"Davida","1993-11-25",1,641,48,"Huikerby"
793,"Meagan","1959-07-09",1,806,30,"Fairtlough"
794,"Tracie","1959-04-30",2,451,39,"Carslaw"
795,"Christabel","1976-01-16",1,475,14,"Cabrera"
796,"Anabelle","1998-11-08",1,512,4,"Jaulme"
797,"Noemi","1964-08-08",2,675,22,"Ranyard"
798,"Ezra","1965-11-12",2,1097,15,"Stennes"
799,"Jacques","1992-03-25",2,809,18,"Daville"
800,"Mei","1980-09-27",2,291,20,"Daintry"
801,"Penny","1992-01-06",2,283,43,"Emlyn"
802,"Leif","1973-01-19",2,894,34,"Blaby"
803,"Faun","1993-04-27",1,150,3,"Hansard"
804,"Hart","1958-09-23",1,837,2,"Henrichsen"
805,"Dix","1966-03-26",2,1119,22,"Semken"
806,"Rheta","1957-09-15",1,883,38,"Kenningham"
807,"Ilene","1973-12-16",1,187,35,"Sherborne"
808,"Rickey","1996-09-21",1,302,5,"Oldknowe"
809,"Pepi","1993-08-21",1,264,2,"Caunce"
810,"Shane","1981-06-30",1,1118,33,"D'Aubney"
811,"Tomlin","1967-12-23",2,288,12,"Adnams"
812,"Valentijn","1953-11-18",2,993,35,"Cousen"
813,"Fay","1978-07-22",1,1081,15,"Sawl"
814,"Sheffie","1978-05-06",1,546,50,"Killelay"
815,"Sibbie","1981-06-30",2,974,7,"Conlon"
816,"Dagny","1953-12-09",2,503,17,"Blondelle"
817,"Liva","1999-05-28",2,396,7,"O'Lyhane"
818,"Bayard","1954-07-21",2,1110,14,"Tidmarsh"
819,"Jania","1978-04-29",1,724,27,"Scuffham"
820,"Camila","1964-10-07",1,766,10,"McLemon"
821,"Emmalynne","1970-11-16",1,1074,50,"Lorraway"
822,"Seka","1960-06-21",1,695,8,"Swanston"
823,"Matthieu","1997-03-20",1,257,31,"Hampson"
824,"Mari","1984-02-03",1,892,29,"Bristoe"
825,"Cherlyn","1955-03-02",2,245,39,"Dowry"
826,"Sheba","1989-01-23",1,845,29,"Elwyn"
827,"Shane","1972-05-28",2,608,43,"Benedite"
828,"Eldridge","1956-06-27",1,951,1,"Fould"
829,"Yul","1982-12-13",2,323,25,"Danilyak"
830,"Derward","1985-02-01",2,438,24,"Ayrton"
831,"Currie","1965-03-14",2,740,5,"Malkie"
832,"Wynn","1983-02-24",2,1117,19,"Davsley"
833,"Ches","1987-04-09",1,725,25,"Duddle"
834,"Sheffie","1969-09-27",1,259,10,"Rosgen"
835,"Rayna","1966-05-13",1,199,40,"Geffe"
836,"Gwendolyn","1966-10-27",1,944,14,"Fentem"
837,"Kalindi","1993-12-07",2,941,38,"Hauck"
838,"Modestine","1959-11-12",1,304,7,"Kyngdon"
839,"Margareta","1992-12-22",2,226,39,"Gabel"
840,"Georgeanna","1953-02-13",1,765,45,"Message"
841,"Cristi","1995-06-10",2,285,35,"Brewers"
842,"Morna","1980-02-18",2,321,5,"Willingale"
843,"Ermengarde","1974-06-10",2,671,11,"Bruhnsen"
844,"Constantia","1954-06-15",1,507,32,"Davies"
845,"Deny","1951-04-01",2,236,8,"Buttrick"
846,"Thaddus","1986-12-27",2,888,2,"Mannock"
847,"Malena","1969-10-24",1,829,14,"Joerning"
848,"Evanne","2000-01-25",2,388,40,"Sulland"
849,"Xylina","1960-02-28",2,805,12,"Pavese"
850,"Georgetta","1967-03-25",1,830,11,"Skipsea"
851,"Redd","1971-05-29",2,635,1,"Lewer"
852,"Germaine","1966-02-08",2,874,11,"Bettleson"
853,"Amalie","1999-01-16",2,1059,5,"de Broke"
854,"Price","1984-05-25",1,448,27,"Byron"
855,"Loren","1956-10-07",2,689,36,"McPhillimey"
856,"Mair","1960-09-27",1,402,15,"Physick"
857,"Elisabet","1959-03-28",1,892,25,"Schermick"
858,"Benedick","1989-01-27",1,486,29,"Fetter"
859,"Collie","1992-03-07",2,290,10,"Mathias"
860,"Ethelbert","1969-10-04",1,286,14,"Keynd"
861,"Coop","1955-11-09",1,873,22,"Stener"
862,"Mateo","1976-06-24",1,325,25,"Mannix"
863,"Arny","1982-07-06",2,936,11,"Molines"
864,"Lee","1986-04-06",2,923,39,"Deeprose"
865,"Faustina","1951-01-27",2,810,32,"Maskall"
866,"Maximilianus","1981-07-09",2,847,13,"Suttell"
867,"Maddie","1952-10-17",2,477,37,"Nudd"
868,"Taddeusz","1965-01-13",2,640,32,"Kienl"
869,"Keefer","1952-07-06",2,432,44,"Gamon"
870,"Norah","1974-05-18",1,745,45,"Brockhouse"
871,"Cyndie","1969-07-19",1,203,30,"McVeigh"
872,"Jo","1953-10-15",2,375,18,"Tendahl"
873,"Blanche","1958-09-17",2,813,33,"Gino"
874,"Christiane","1986-01-10",2,304,45,"McDill"
875,"Augustin","1976-02-27",1,867,13,"Guidini"
876,"Harlene","1952-09-15",2,207,13,"Carous"
877,"Tab","1987-04-18",2,406,9,"O'Roan"
878,"Lucian","1965-03-12",1,222,34,"Wimes"
879,"Harriot","1999-03-10",2,350,21,"Gavagan"
880,"Bette-ann","1994-02-02",2,148,5,"Ledrane"
881,"Dynah","1963-09-09",2,381,23,"Kyte"
882,"Ardenia","1977-07-18",1,703,23,"Rissom"
883,"Clemens","1985-07-16",1,986,33,"Willavize"
884,"Kassandra","1963-05-18",1,895,25,"Hulle"
885,"Leroi","1993-09-07",2,539,38,"Attwell"
886,"Caitlin","1997-10-01",1,274,30,"Bonny"
887,"Farica","1985-04-12",2,496,6,"Chart"
888,"Esmeralda","1998-09-15",2,593,36,"Hoyer"
889,"Salaidh","1992-06-10",2,319,35,"Carren"
890,"Derwin","1998-09-04",2,435,40,"Merriday"
891,"Ellsworth","1956-04-18",1,539,5,"Pringuer"
892,"Ottilie","1988-03-17",1,413,37,"Pipe"
893,"Selinda","1964-09-26",1,1002,8,"Upward"
894,"Cointon","1994-01-01",2,170,37,"Cherry"
895,"Caz","1992-05-10",1,912,47,"Utteridge"
896,"Burr","1996-03-24",1,184,42,"Bullin"
897,"Gene","1987-06-07",2,764,3,"Menure"
898,"Marti","1960-09-06",2,636,17,"Cardillo"
899,"Nichole","1988-11-07",1,1114,17,"Kosiada"
900,"Linet","1971-08-17",2,882,20,"Aireton"
901,"Nollie","1993-01-01",2,448,12,"Liversley"
902,"Rosalind","1951-10-06",1,521,33,"McLeish"
903,"Celestina","1997-08-01",2,594,17,"Straniero"
904,"Tracy","1990-04-07",1,622,27,"Abazi"
905,"Jule","1960-12-27",2,1037,23,"Petronis"
906,"Brina","1987-05-13",2,1004,48,"Scothorne"
907,"Trude","1992-07-29",1,684,10,"Sheaf"
908,"Sallyann","1987-10-27",1,199,9,"Dalzell"
909,"Kalli","1951-01-23",1,837,9,"Blinco"
910,"Mile","1976-06-13",1,755,7,"Cotton"
911,"Silvanus","1966-08-06",1,232,6,"Tarbatt"
912,"Nonna","1964-02-11",2,630,1,"Udie"
913,"Babs","1991-10-26",1,709,7,"Benezeit"
914,"Charis","1986-01-13",1,347,28,"Spittal"
915,"Davidson","1990-06-02",1,991,41,"Joules"
916,"Denna","1961-11-07",1,257,17,"Ellyatt"
917,"Paten","1966-05-17",1,764,47,"Cattermole"
918,"Theodoric","1967-06-04",2,949,40,"Battye"
919,"Cloris","1972-11-08",1,270,41,"Gaskal"
920,"Caleb","1953-07-25",1,723,50,"Acom"
921,"Pierce","1965-05-10",1,231,45,"Sedgman"
922,"Jessee","1979-04-18",1,587,18,"Carlet"
923,"Katlin","1994-01-03",2,588,4,"De Caroli"
924,"Ashlie","1981-12-28",2,816,42,"Yesipov"
925,"Gennie","1990-01-13",2,528,38,"Gurge"
926,"Saunders","1977-03-24",2,162,3,"Cassimer"
927,"Haley","1963-08-01",1,378,26,"Di Iorio"
928,"Kelsi","1967-06-30",1,428,11,"Henrych"
929,"Hussein","1964-03-12",2,1044,33,"Bakewell"
930,"Lita","1974-12-26",2,623,2,"Baber"
931,"Muriel","1972-12-21",2,938,39,"Allchin"
932,"Harbert","1986-10-26",2,610,42,"Friatt"
933,"Cthrine","1960-01-25",2,449,27,"Gimenez"
934,"Arne","1977-12-16",1,740,41,"Enderwick"
935,"Gamaliel","1964-08-15",2,926,35,"Hawley"
936,"Bobbi","1953-11-21",2,434,5,"Honywill"
937,"Fonz","1970-04-30",1,1010,49,"Avrahamov"
938,"Basilio","1996-09-26",2,219,18,"Fockes"
939,"Agustin","1968-09-03",2,278,36,"Binnell"
940,"Heidi","1951-08-28",1,311,26,"Martelet"
941,"Padgett","1989-04-24",2,1003,11,"Mitrovic"
942,"Dedra","1991-02-01",2,875,15,"Guymer"
943,"Geri","1982-01-03",1,1105,34,"Philot"
944,"Izzy","1985-12-04",2,569,12,"Amiss"
945,"Matteo","1989-08-04",2,736,20,"Seddon"
946,"Eileen","1978-02-04",2,507,19,"Basilio"
947,"Hoyt","1956-05-18",2,803,43,"Janjic"
948,"Lefty","1983-08-01",2,529,46,"Shewan"
949,"Garrett","1968-04-07",2,612,41,"Atterley"
950,"Alexei","1996-07-01",1,386,45,"Mantle"
951,"Doris","1952-07-02",2,975,13,"McLoney"
952,"Ethe","1993-07-07",2,818,18,"Devigne"
953,"Ardene","1977-04-16",1,567,16,"Southworth"
954,"Prissie","1992-03-11",2,1108,21,"Kubal"
955,"Gusty","1990-08-02",2,605,6,"Deave"
956,"Rand","1991-09-27",1,800,34,"Malletratt"
957,"Alverta","1976-05-01",1,426,49,"Garret"
958,"Far","1976-12-13",1,457,2,"Pettengell"
959,"Maynord","1964-04-06",1,890,10,"Exton"
960,"Marieann","1960-03-15",2,132,26,"Zucker"
961,"Barbra","1981-09-30",1,294,24,"Osbidston"
962,"Henrietta","1955-03-30",2,591,11,"Dobeson"
963,"Rosemaria","1992-08-09",2,355,24,"Dudmarsh"
964,"Gradeigh","1993-02-16",2,360,11,"Haps"
965,"Meggie","1967-05-27",1,1114,24,"Paske"
966,"Ardelle","2000-02-29",1,613,34,"Guntrip"
967,"Frances","1998-06-10",2,666,16,"Trustram"
968,"Fania","1962-05-04",2,212,13,"Sarra"
969,"Viviana","1997-07-26",2,949,35,"Cornewall"
970,"Fanchette","1957-03-30",1,1117,32,"Arrandale"
971,"Esme","1963-06-29",1,677,49,"Highnam"
972,"Cahra","1993-02-15",1,779,5,"Qusklay"
973,"Cleveland","1958-07-20",2,862,4,"Andreaccio"
974,"Northrop","1988-09-17",1,971,11,"Whyley"
975,"Mason","1952-01-28",1,283,24,"Leaver"
976,"Marsiella","1998-05-17",2,716,44,"Jeffree"
977,"Darcee","1976-05-26",1,1009,18,"Grigoroni"
978,"Milissent","1998-08-13",1,914,26,"Hodgets"
979,"Harris","1989-11-21",1,558,16,"Lober"
980,"Renell","1994-02-17",1,743,13,"Lanchberry"
981,"Garald","1991-04-05",1,184,41,"Dupey"
982,"Wakefield","1986-06-04",1,179,50,"Maryet"
983,"Sebastiano","1966-04-19",2,643,45,"Farries"
984,"Teirtza","1999-02-14",1,280,14,"Clears"
985,"Nelly","1996-12-10",1,660,28,"Trenholm"
986,"Adam","1967-04-02",1,338,18,"Milmoe"
987,"Nolie","1969-11-10",2,920,31,"Benning"
988,"Zebulon","1962-12-23",2,694,4,"Harrap"
989,"Miltie","1974-11-25",1,791,48,"Dedenham"
990,"Cristal","1959-05-16",1,532,42,"Hammel"
991,"Charlotta","1971-12-18",2,217,12,"McClenaghan"
992,"Carlynne","1972-10-31",2,1043,11,"Twede"
993,"Tandi","1952-01-16",2,355,28,"Bozier"
994,"Donn","1993-11-25",2,878,40,"Horick"
995,"Gar","1973-11-01",1,718,8,"McBean"
996,"Brunhilda","1997-06-13",2,347,9,"Pendred"
997,"Lorilyn","1997-05-04",1,488,12,"Cunnington"
998,"Hector","1975-01-26",2,358,9,"Priestman"
999,"Adelice","1979-10-20",1,787,28,"MacColm"
1000,"Mord","1996-04-07",1,681,36,"Quilleash"
