name,dob,genderid,country_id,fitness_center_id
Helenelizabeth Whal,12/24/1964,2,33,524
Casie Pizzey,3/19/1973,2,29,773
Kara Desquesnes,3/11/1975,2,46,1023
Dillie Elcock,3/17/1993,1,50,610
Veda Knotte,4/20/1980,2,1,1041
Kalina Feld,4/16/1979,1,34,239
Garvin Benardette,11/12/1954,1,9,558
Earle Coghlin,8/3/2001,1,45,315
Sammy Shambroke,2/22/1995,1,46,401
Joyous Heitz,6/9/1951,1,12,671
Abbie Pavel,8/13/2004,1,10,1060
Fiann Lambert,9/16/1991,2,18,219
Chrystel Olcot,3/22/1985,1,31,644
Jazmin Studd,10/23/1985,2,23,452
Gayle Kirimaa,8/22/1956,2,8,983
Ansel Cansdale,10/24/1960,2,18,233
Taffy Sparrowhawk,10/15/1999,2,2,635
Rheta Shackesby,7/16/1997,1,29,423
Erny Shillan,3/31/1976,1,49,492
Marjie Risman,12/19/1960,1,7,644
Davy Moden,5/9/1995,1,19,856
Estevan Livett,6/15/1971,2,2,1096
Sigfried Ewles,11/15/1951,2,12,517
Amberly Heeron,12/29/1985,2,19,871
Ettie Charopen,8/16/2004,2,19,481
Blinni Stenyng,1/22/1958,1,21,573
Steffie Coetzee,11/25/2005,2,47,461
Gae Jemmison,10/31/1992,2,21,1045
Wylma Rockhall,7/20/1993,1,33,1113
Madella Bohje,5/27/1979,1,33,721
Xaviera Folca,12/24/2004,2,10,833
Susan Hinckley,9/4/1956,2,40,527
Stacie Cowdry,6/24/1958,1,16,760
Rachel Routham,2/23/1976,1,43,594
Ashlie Selbach,1/31/2003,2,26,753
Jerald Belmont,5/19/1988,1,50,852
Charmain Ida,3/29/1967,1,1,879
Jolee Benedek,1/22/1991,2,27,1089
Charlie Parbrook,2/15/2000,2,27,512
Brita Baldrey,10/8/2002,1,42,1001
Flem Haddock,11/16/1994,2,40,1011
Roxana Lundbeck,6/20/1953,1,34,596
Raynell Matveichev,4/28/1963,2,33,645
Felicio Blight,5/6/1956,1,29,336
Charla Dureden,10/14/1998,1,24,249
Matti Burborough,4/12/1998,2,30,1076
Arri Fausset,8/28/1959,2,36,727
Gisella Coolbear,4/6/1989,2,17,317
Parsifal Hayman,11/19/1954,2,13,800
Kirsti Dedon,8/28/1980,2,4,206
Neville Jewitt,9/12/1994,2,11,742
Leland Knotte,7/27/1970,1,11,753
Wes McOrkil,6/30/1984,2,49,283
Agneta O'Dunneen,12/20/1980,1,7,379
Vinny Geleman,6/19/1984,1,49,533
Theresa Hedde,4/5/1989,1,6,880
Sallee Moakler,5/10/2003,1,7,547
Tallie Strattan,12/11/2000,2,16,596
Doris Labram,3/20/1968,2,8,522
Georgy Bambery,2/13/1958,2,35,709
Filberte Shilston,9/7/1991,1,30,767
Joyous Brislane,1/3/1989,2,16,724
Levon Penberthy,5/30/1959,2,34,700
Zilvia Keppe,4/2/1989,1,35,359
Chrotoem Hasson,8/25/1957,2,13,1001
Somerset Nemchinov,3/29/1991,1,48,1067
Mag Brachell,7/4/1973,2,27,784
Lester Forestall,9/11/1990,1,18,793
Geri Cleminson,1/11/1951,1,15,1012
Berri Leirmonth,12/28/1963,1,14,213
Darrelle Ridulfo,8/26/1979,2,48,953
Lyndsie Philippard,3/18/1981,2,22,268
Alisa Liquorish,7/21/1991,1,30,189
Sada Gerler,9/4/2003,2,36,1109
Harley Byron,12/4/1983,1,42,941
Kenyon Klosges,4/6/2002,1,31,517
Nester Martinovsky,7/14/1966,2,26,959
Tamara Colclough,4/23/1952,2,27,842
Margy Rabjohn,3/4/1972,1,47,564
Sashenka Erwin,12/22/1987,2,21,650
Alejandra Wigsell,8/26/1950,1,37,191
Vaughn Aymer,7/7/1991,1,44,933
Mathew Linster,8/26/1962,1,26,203
Zara Lauritzen,2/8/1966,2,23,939
Orton Lay,11/9/1974,2,39,489
Mallissa Gamblin,8/6/1955,1,47,280
Augusto Flori,9/17/1981,2,17,421
Gracia Carbin,12/6/1978,2,45,1088
Jolene Jakobssen,7/6/1950,2,15,247
Abigale Gambrell,3/21/2001,2,37,950
Kirstyn Honsch,3/10/1953,2,34,834
Damita Studart,9/23/1973,1,37,1059
Gianna Patillo,12/21/1958,2,12,526
Hewet Baptist,9/17/1956,1,29,920
Erma Minerdo,3/5/1976,1,29,864
Kelby Revance,8/1/1972,1,41,406
Loralyn Yancey,10/19/1981,1,40,157
Briana Stonehewer,11/4/1988,2,45,1053
Jesse Oluwatoyin,8/7/1999,1,27,870
Jaquelin Fearne,12/20/1997,2,25,1094
Amos Antoons,1/1/1980,1,14,575
Benson Mosconi,3/4/1951,2,27,936
Ilka Taunton.,7/6/1961,2,28,796
Inessa Habergham,5/3/1953,1,38,371
Essa Warrack,10/6/1952,2,44,866
Falito Cristofol,5/1/2005,2,45,891
Felic Clearley,11/25/1993,1,31,558
Mahmoud Euesden,12/27/1975,1,42,858
Dimitri Cisneros,6/4/1952,1,49,416
Lurline Boutflour,10/31/1965,2,12,250
Gery Van den Broek,8/24/1990,1,50,978
Lidia Attenborrow,12/20/1977,1,36,376
Fremont Fernyhough,1/15/1984,1,49,242
Natassia Di Biasi,3/22/1985,1,2,579
Frazer Di Biasi,7/2/1993,1,4,763
Valida Noyes,3/17/1961,1,23,425
Maisie Rottenbury,5/18/1992,2,23,723
Adriana Pittoli,10/23/1981,2,31,222
Baxy Pevie,4/24/1989,2,11,516
Kay Trelease,9/19/2000,2,33,1093
Ulberto Herculeson,10/30/1982,1,25,421
Nelly Huxster,6/18/2005,1,43,272
Maurise Kuhnert,12/23/2000,1,19,1100
Fernandina Dilgarno,6/2/1962,1,11,496
Marshal Sturges,4/10/1999,1,28,165
Odie Easson,1/29/1956,2,27,355
Harriot Wrought,11/15/1999,2,25,459
Rob Swinden,12/10/1950,1,41,1035
Myrtle Bordis,12/18/1991,1,36,612
Neill Paszak,8/31/2003,2,30,488
Galina Kinnen,4/6/2004,1,38,1045
Barny Dimitriades,12/25/1996,2,33,133
Joaquin Boodle,7/21/1981,2,17,796
Inness MacNeely,10/21/1982,1,36,175
Gus MacWhirter,9/26/1985,2,8,579
Carolyne Giacomuzzi,3/22/1984,1,50,182
Thor Jeffray,10/30/1964,1,1,423
Salli Simcock,7/6/1971,2,34,520
Mickie Leake,2/19/1950,2,26,360
Pavla Grzelczyk,6/25/1996,1,32,172
Catlin Frodsam,5/4/1964,1,28,939
Christoffer De Giorgi,12/15/1974,1,33,709
Valerye Hounihan,6/1/1999,2,36,922
Ernesto Llop,6/1/1975,2,10,136
Mathian Harmer,8/9/1954,1,47,925
Celina Frango,10/24/1977,2,35,992
Anna-diane Genge,5/24/1982,2,8,286
Lolly Houdhury,2/18/1982,1,6,526
Otes Tarbin,9/5/1960,1,22,419
Killie Adamov,5/13/1962,1,15,323
Shaylynn Prescote,8/1/1964,1,23,223
Aila Kix,5/17/1966,1,49,423
Bail Spada,7/9/1955,1,49,644
Gerrilee Cockings,11/11/1992,2,11,470
Maurizio Nisco,6/1/1950,1,27,933
Corty Stonbridge,11/29/1990,1,31,981
Justinian Petel,6/12/1973,2,47,1121
Loretta Booy,7/16/1980,2,12,188
Blake Kane,7/27/1970,2,29,1018
Isiahi Daws,1/7/1980,2,28,255
Branden Ivain,11/13/1981,2,44,1028
Brad Phorsby,11/2/1996,1,39,232
Lois Grayson,2/7/1950,2,9,683
Silvano Chasemore,12/4/1957,1,41,745
Nero Parriss,2/23/1972,1,20,750
Beatriz Castelot,2/12/1994,1,36,751
Ruthi Wetheril,11/21/1954,1,28,207
Madelin McCart,2/28/1966,1,7,248
Chlo Hanshawe,1/11/1979,1,49,883
Anallese Corley,6/24/1994,2,17,941
Melesa Slogrove,5/8/1974,1,17,122
Dulcea Cardow,1/8/1999,2,12,1003
Fabio Doorly,8/4/1985,2,20,941
Regan Laxston,5/20/1985,2,1,342
Gaspard Whatham,3/10/1967,2,14,513
Clementia Tollow,8/25/1992,1,10,940
Reina Tourner,10/14/1975,1,24,250
Sonnnie Jotcham,5/2/1978,1,20,523
Joey Snelling,7/23/1987,1,20,791
Judye Kennham,3/2/1955,2,50,794
Julissa Mathew,5/16/1953,2,4,418
Ruthy Rao,11/9/1984,1,11,462
Damita Scandrite,12/7/2000,2,35,932
Penelopa Chalker,1/16/1954,1,26,792
Noami Deftie,9/4/1972,2,34,719
Florance Paylor,4/13/1995,1,36,414
Gaile Matsell,8/26/1953,2,29,761
Tobye Johnsee,4/27/1989,1,40,623
Dallas Jory,1/27/1995,1,30,259
Candice Valero,8/3/1992,1,20,586
Klarika Behr,3/17/1976,1,9,372
Wolfy Vesty,7/11/1981,2,38,519
Beatrice Weymouth,2/7/1980,2,24,1056
Cathe Hayman,9/8/2001,1,27,265
Odette Greave,2/8/1999,2,31,143
Ravid Jindra,2/26/1980,1,13,654
Roslyn Stubbings,6/28/1986,2,43,766
Kendal Forrester,4/19/1969,2,46,606
Zachary Gatiss,6/12/1964,1,29,257
Rivi Ummfrey,12/17/1997,2,25,702
Teodoor Amis,11/26/2000,2,36,849
Dmitri Streather,11/29/1957,1,49,1116
Galen Uccello,4/23/1964,1,12,1096
Mirelle Hargate,7/20/1972,2,3,1071
Ashia Waltho,12/25/1950,1,42,241
Nolana Tanner,10/21/1987,2,24,424
Vin Rosewall,8/12/2001,1,28,531
Sibella Myles,3/1/1967,1,34,343
Moshe Bresnahan,9/28/1964,2,48,566
Edmon Sanches,12/17/1972,1,15,987
Amble Thing,1/22/1951,1,41,573
Yvon Garside,5/31/1978,2,12,900
Merlina Luchetti,5/15/1991,2,42,1089
Dilly Beminster,6/22/1993,2,17,602
Belicia Danilowicz,10/2/1966,1,13,306
Lib Uzelli,6/1/1988,1,9,1086
Jami Appleton,5/12/1977,1,40,912
Regen Mariet,6/6/1983,2,47,124
Melosa Dray,4/13/1966,2,30,639
Claretta Cicchelli,7/24/1979,2,37,589
Marlo Sabey,3/30/1997,2,46,222
Alfi Ankers,4/9/1951,2,24,914
Norby Batalle,1/10/1966,2,8,656
Juana Handaside,1/4/1987,2,23,790
Odilia Eykelhof,9/16/2005,1,17,896
Hyacinthie Turri,4/8/1957,2,25,610
Lula McGinley,9/18/1983,2,33,1069
Johannah Meagher,2/16/1956,1,28,986
Ag Apthorpe,9/16/1984,2,5,358
Barney Nisbith,12/27/1953,2,49,347
Willamina Kedie,9/3/1999,1,25,821
Patrice Gauler,10/13/1970,2,8,246
Urson Rigard,12/7/1969,2,24,341
Dick Hutable,7/3/1974,2,41,698
Randolph Scammell,6/8/2000,1,17,611
Lina Fernanando,2/8/1954,2,10,348
Skipper Knapper,2/15/1992,1,44,996
Florella McAsgill,12/28/1966,2,23,442
Eziechiele Cafferty,1/31/1969,1,13,806
Jose Elger,5/5/1972,1,46,677
Channa Jaffrey,11/25/1964,1,48,490
Carena Mayze,7/2/1986,2,48,900
Derward Chastand,9/18/1956,1,31,367
Marcella Romeo,6/27/1960,1,8,414
Libbie Gallyhaock,10/25/1988,2,7,817
Shel Coldwell,9/4/1970,1,23,477
Giorgia Halegarth,3/1/2001,2,4,1051
Patty Melsome,1/27/1954,1,3,750
Mick Korneichuk,6/22/1962,1,34,846
Dionne Tunnacliffe,6/5/1961,2,18,709
Rafael Dmitrienko,7/13/1971,2,41,175
Prisca Esland,5/11/1982,2,32,896
Elysia O'Halloran,8/20/1960,1,17,611
Blair Maffulli,9/10/1955,1,19,255
Ranique Birchenough,5/24/1958,2,42,803
Manuel Cooke,10/24/1993,1,44,587
Nicolle Duprey,12/27/1958,2,50,592
Benny Sewter,4/23/2005,2,36,149
Averil Navein,3/27/1996,1,37,803
Gabriellia Weatherhill,6/29/1965,1,6,1090
Regan Fynan,3/24/1989,1,14,772
Valida Saich,12/11/1981,2,43,300
Yovonnda Ghiron,3/3/1966,1,12,997
Brittaney Trippett,10/16/1996,1,16,132
Roxanne Silcox,6/17/1980,2,47,291
Ichabod Coppens,7/6/1986,2,40,609
Tabatha Steuhlmeyer,1/22/1995,1,42,842
Hyatt Hurkett,5/1/1952,2,46,704
Patin Bruntjen,8/19/2003,2,12,152
Mark Stillman,5/8/1985,2,15,267
Lanni Middleditch,12/13/1975,1,20,351
Kally Duckerin,9/27/2005,2,3,254
Randy Wetherby,3/31/1997,1,18,806
Moselle Milella,10/29/1971,2,50,1041
Martin Rosenfelder,10/26/1967,2,38,742
Chan Saffill,12/12/1985,2,42,584
Cybill Ziemecki,12/12/1969,1,13,376
Templeton Dinis,5/15/1972,1,23,483
Reinhard Brummell,1/11/1969,1,14,561
Seymour Brisbane,1/2/1994,1,44,1052
Jemimah Chessil,5/13/1974,1,42,491
Heinrick Trow,5/7/1978,1,6,378
Martelle Espley,5/8/1987,2,11,280
Lisa Windridge,1/22/1956,2,32,840
Harry Heintz,10/14/1956,2,17,186
Ezmeralda Spinelli,1/11/1993,2,49,1029
Cleveland Sterricks,1/30/1995,1,49,337
Bethina Leopard,6/26/1963,1,12,690
Margeaux Benbough,5/20/1958,1,29,752
Sibyl Marney,12/28/1965,1,11,752
Allyson Brettelle,9/18/1972,2,24,1020
Nickey Gosneye,9/9/1969,2,41,327
Kalle Mendel,2/14/1997,1,14,424
Bryon Salterne,2/13/2003,2,46,365
Kenyon Briars,3/25/1953,1,27,180
Renaud Drillingcourt,5/10/1979,2,48,458
Leah Harbinson,8/18/1951,1,37,399
Raeann Stiggers,12/25/1988,1,15,307
Bartolemo Firle,1/31/1955,1,31,318
Loren Stanger,1/22/1981,2,20,1036
Prent Jurgen,8/7/1980,2,25,1077
King Bienvenu,8/8/1964,2,8,200
Wright Spilling,8/8/1979,1,9,413
Helyn MacGahey,8/14/1959,2,21,897
Levon Murray,9/29/1953,1,49,1091
Tanner Spiby,2/28/1974,1,40,789
Neville Haith,6/13/1994,1,36,359
Roscoe Blumson,8/27/1970,1,28,973
Justine Falvey,4/3/1960,2,3,963
Edsel Chadney,7/31/1955,2,7,1055
Danice Redholes,3/2/1979,1,2,645
Teena Bosche,3/12/1989,2,35,673
Mitchel Jobey,10/15/1984,2,27,966
Lindsey Freke,3/19/1954,2,15,913
Agnella Pheby,9/25/1982,1,10,872
Jerald Dominique,6/15/1951,1,21,543
Vera O'Carran,8/5/1982,2,45,694
Cathlene McGrae,9/29/1987,1,12,702
Livvie Toppes,6/14/1967,1,22,747
Carlin Agar,7/16/1999,2,15,534
Esme Fever,7/15/1981,2,23,1014
Goldy Ribou,7/6/1960,2,10,481
Ardith Kinsella,1/10/1962,2,1,302
Dyann Hawkey,6/6/1971,1,28,997
Sherlocke Murdie,5/17/1958,2,19,613
Kennan Rump,8/11/1965,1,35,251
Peterus Spurgeon,5/9/1951,2,7,1022
Justine Macieiczyk,3/21/1961,1,22,1097
Ettore Hurburt,11/5/1979,2,35,540
Sasha Kembrey,8/24/1989,1,32,141
Tabby Rignoldes,1/18/1970,1,15,750
Ulises Brusin,1/18/1997,2,36,287
Papageno Lambswood,8/13/1981,1,42,492
Sallee Mallan,4/16/1981,2,13,187
Silva Long,5/22/1982,1,32,890
Cynde McCallam,5/16/2003,2,42,1067
Ingram Guerra,7/23/1970,1,15,232
Ely Oxtaby,1/2/1965,1,23,653
Marguerite McKea,8/21/1998,1,5,336
Florencia Sybbe,8/9/1994,2,18,529
Etienne Robbe,11/23/1985,2,10,569
Cyril Kacheler,4/30/1951,1,28,827
Joyan Loney,1/20/1995,2,12,709
Kara-lynn Vlasenkov,1/7/1964,2,25,866
Noel Wasmuth,6/21/1978,1,25,283
Mercie Matthesius,12/23/1961,1,27,843
Sheelah Snarr,10/7/1970,1,12,322
Roxine Magowan,6/5/1991,1,21,548
Barry Deluze,5/16/1992,1,16,882
Jedd Cranna,3/27/1988,1,18,395
Rachel Metzing,12/11/2001,1,13,362
Maisey Salzburger,7/16/1987,1,3,136
Wayland Trenholme,5/23/1994,2,45,824
Annelise Cottis,10/7/1998,1,32,754
Rad Ludman,9/8/1990,1,43,852
Charissa Linne,5/22/1974,1,12,683
Jany Tomasello,4/29/1968,2,38,559
Sarette Presshaugh,6/2/1959,1,2,358
Cart Skea,4/13/1984,1,36,702
Quintin Blackah,5/17/1972,1,11,726
Fitzgerald Culbard,11/16/1999,1,15,370
Cris Salisbury,1/19/1997,1,17,995
Theresa Ilchuk,5/22/2005,2,30,843
Arluene Shortin,7/18/1997,1,32,982
Allyson Thomassen,4/22/1999,1,34,255
Wilmar Salmoni,1/21/1964,2,10,556
Karee Girodon,2/26/1989,2,32,681
Brice O' Liddy,9/22/1977,1,49,880
Hollie Bontein,6/26/1993,1,38,363
Reilly Gargett,8/14/1962,1,17,125
Genny Randal,12/26/1950,1,4,1035
Emile Pavy,4/19/1970,2,23,386
Teresa Feechan,12/6/1979,1,37,412
Alex Eslemont,3/9/1975,1,12,1017
Nonnah Fisher,7/31/1995,2,43,294
Colin Towhey,6/28/1997,2,17,907
Korie Mount,2/29/1964,2,13,713
Godart Sugg,2/18/1962,1,3,232
Luz Mateja,6/11/1997,2,1,417
Lavinia Simoni,12/19/1988,2,27,309
Pippy Harry,5/20/1968,2,7,395
Rurik Woodeson,7/4/1995,2,38,321
Pippo Earthfield,4/8/1987,2,37,732
Norrie Paquet,11/26/1967,1,46,205
Shayna Sentance,11/25/1990,2,14,732
Valaree Bodicam,2/24/1987,1,25,295
Hinze Runnalls,4/28/1968,2,26,417
Sydney Fawloe,2/22/1960,1,27,246
Meredith Gallanders,9/28/1998,1,36,333
Tabbitha Hirthe,2/8/1984,2,43,1018
Alyson Searight,2/16/1955,1,41,319
Nicole Basilone,11/1/2002,1,20,149
Allin Dowtry,2/22/1966,2,18,567
Deeyn Elcott,12/3/1950,2,49,931
Dene Lalor,12/24/1971,1,40,513
Lovell Broy,5/31/1993,2,41,222
Frederich Felderer,12/21/1996,1,47,962
Flossie Delahunty,5/16/2003,2,46,534
Tonya Rudolfer,1/23/1957,2,47,474
Glynis Jowitt,5/6/1952,2,22,1015
Lotty Jevons,6/18/1991,1,35,621
Edgar Adrienne,9/21/1985,1,21,612
Nero MacCartan,4/18/1969,2,35,397
Letizia Muir,4/27/1958,1,19,525
Otes Autin,7/5/1959,1,28,566
Gabriela Zettoi,2/9/1993,2,28,771
Millisent Bean,3/11/1951,2,29,417
Nicolette Nanni,3/6/1993,2,41,690
Nicolea Crosscombe,5/10/1956,1,12,221
Lissi Swatland,5/12/1976,2,10,214
Ilyse Fidele,3/14/1982,2,11,328
Koren Burchell,6/3/1961,2,10,753
Jenni Ledwich,3/31/2002,2,4,835
Cooper McNellis,8/22/1991,2,45,313
Farrell Munnis,11/23/1994,1,33,401
Marwin Quinion,4/1/1979,2,9,249
Darcee Redhouse,4/9/1975,1,7,1090
Edwin Latour,1/23/2001,1,19,164
Nickola Gloyens,11/20/1957,2,21,875
Alli Crookes,8/17/1983,2,25,853
Isadore Eadmeads,8/3/2005,1,12,153
Gil Greeno,6/27/1997,1,47,809
Ramon Cullingford,3/11/1964,1,27,1114
Morgun Oliphard,9/11/1993,2,28,295
Ileane Chatters,1/13/1956,2,21,943
Katalin Holdall,10/19/1976,2,25,493
Camala Riseborough,11/12/1952,1,20,928
Rae Hansel,5/4/1956,1,26,404
Herbie O'Sesnane,8/22/1969,2,29,300
Padgett Bail,2/28/1983,1,8,197
Jourdan Rosenbloom,8/16/1985,2,43,1108
Rafaelia Tutchener,7/28/1954,2,18,595
Axe Friedlos,4/25/1956,1,1,296
Parry Summersby,6/8/2003,1,44,906
Alastair Jovicic,12/16/1975,2,46,320
Ingram Fogg,12/2/1965,1,24,303
Floyd Vasishchev,5/2/1984,1,21,717
Rochette Phil,3/13/1950,1,23,383
Imogene Douthwaite,1/24/1954,1,37,441
Ebony Bocken,8/8/1986,1,39,984
Erica Gethen,6/3/1983,2,30,974
Gwenni Dreakin,11/17/2000,2,1,351
Stefan Lumly,2/6/1957,1,39,171
Calv Lathwood,8/17/1963,2,37,1083
Kit Cartmael,1/19/1984,1,15,635
Bail Oran,1/12/1970,1,40,247
Grete Bufton,3/14/1992,2,5,491
Osbert Sterman,2/17/1954,1,41,592
Matilda Beston,9/21/1955,1,24,261
Grenville Delves,4/13/1953,1,22,256
Dorita Di Antonio,3/17/1998,1,38,644
Andres Roast,3/18/1959,2,17,765
Miquela McLewd,8/8/2004,2,24,884
Amye McCall,7/17/1983,1,45,504
Tamera Doran,10/17/1993,1,16,1056
Melodie Bodman,8/24/1956,2,26,752
Ethelyn Reeve,9/17/1996,1,15,786
Rice Richardson,5/6/1977,2,33,537
Kellen Cantle,5/26/1992,1,5,558
Josefa Cottam,6/9/1963,2,28,766
Ferguson Arnold,1/21/2000,1,34,910
Arnold Fauning,7/20/1979,1,8,935
Oneida Ellam,2/10/1988,2,1,1119
Elliott Gjerde,5/4/1974,2,14,533
Gilbertina Koschek,4/9/1968,1,33,1049
Aluino Ortiga,3/30/1979,2,37,971
Pamella Giovannelli,6/14/1974,1,48,892
Auberon Tommaseo,12/31/1973,1,11,363
Ambrose Fairall,12/28/1991,2,26,1093
Grantley Capelle,2/10/2000,2,15,273
Chic Anthoin,7/7/1980,2,9,457
Carleton Willarton,1/4/1989,1,17,868
Vale Pech,1/24/2000,2,7,916
Gwenny Popping,11/22/1969,2,21,720
Evaleen Khosa,2/23/1977,1,28,189
Rosemonde Borris,7/26/1960,2,24,651
Lilas Shakesbye,1/5/1999,2,6,423
Darius Byway,11/18/1994,1,7,651
Welch McPhelimey,3/25/2000,1,47,354
Raffaello Dulanty,7/8/1967,1,47,149
Thurston Abramcik,6/25/1983,2,42,1082
Branden Dobbinson,9/12/1964,2,44,189
Dicky Summerside,7/3/1990,1,41,647
Demetrius Royds,5/30/1991,2,38,663
Belvia Oen,7/6/1955,1,29,422
Kain Wealleans,11/17/1993,2,8,919
Editha Pickering,6/1/1959,2,7,745
Sheridan Allchorne,6/13/1984,2,50,417
Linnell Iceton,2/17/1984,2,44,845
Wynne Duggen,11/28/1979,2,46,139
Mannie Chatelain,1/3/1998,2,3,202
Ax Hoble,12/31/2001,1,19,228
Britney Casserley,10/31/1964,2,50,460
Cassandra Simecek,4/27/2003,1,23,1002
Cordelie Sirette,1/5/1959,1,18,377
Geraldine Walhedd,11/13/1974,1,30,222
Terrijo Godsal,8/31/2005,1,25,1071
Toddy Zannetti,8/10/1952,2,9,479
Prentiss Myott,3/9/1974,2,3,676
Jenica Dace,12/29/1977,1,30,1086
Dori Bulbrook,3/3/1964,2,25,1031
Aaron Labusquiere,6/28/1979,1,34,663
Fawne Kapelhoff,5/27/1957,1,26,832
Savina Batcheldor,10/23/1967,1,12,437
Maximo Stigell,4/8/1954,1,4,546
Shadow Beathem,2/7/1978,2,4,1019
Hesther Durrant,1/8/1957,2,19,536
Isa Danilchev,2/15/1959,1,16,747
Basile Dermott,5/12/1984,2,37,654
Lacee Jansema,5/28/2003,2,33,288
Tiebout Padkin,5/19/1992,2,37,1022
Stacy Sarfass,7/20/2000,2,19,422
Marney Passie,5/5/1965,2,24,456
Lydia Colten,8/16/1993,1,33,222
Grantham Pitts,12/26/1969,2,16,417
Bernette Ropking,7/14/2004,2,47,465
Marissa Pottell,5/13/1976,1,20,512
Fin Heales,1/25/1978,2,6,1084
Quintilla Piercey,7/7/1962,2,41,763
Erinna Justun,5/24/1996,2,20,1014
Pauline Sidden,8/30/1959,2,6,589
Glynnis Pendrill,3/27/1971,1,50,138
Stevie Musk,1/12/1978,2,5,849
Mendel McBayne,4/6/1954,2,2,832
Thibaud Smallshaw,6/12/1976,2,3,716
Mahmoud Dunkersley,11/27/2001,2,26,190
Darrelle Pasterfield,11/23/1973,1,11,983
Raven Welden,11/13/1959,2,38,440
Cody McCrossan,3/10/2001,2,20,1120
Reinwald Hub,11/12/2001,2,31,764
Marcellina Henrichs,11/18/1987,2,34,901
Ema Took,5/17/1993,1,50,1082
Brion Philippe,6/11/1993,2,28,559
Shelden Kos,1/26/1974,2,20,388
Cornelia Renowden,9/22/1956,2,2,655
Nikita Lovering,2/20/1972,2,13,379
Kelbee Bolter,10/2/1976,1,47,862
Jermayne Mouat,2/28/1982,1,50,587
Cazzie Leuren,2/11/1999,1,37,216
Eustace Sinden,2/2/1991,2,7,146
Franciskus Alsop,8/21/1971,1,8,574
Alexandrina Spong,1/17/1959,2,24,367
Lia McGeady,10/20/1985,1,22,753
Jarret Heselwood,3/28/1995,2,48,786
Abelard Corriea,3/19/1983,1,45,518
Myrlene Willicott,3/17/1979,2,32,322
Jerome Roger,5/14/1989,2,2,730
Der Bidwell,5/31/1990,1,39,826
Peggie Arnison,1/12/1996,2,8,364
Tarrah Ewebank,2/22/1969,2,45,669
Benson Burren,10/8/1989,2,19,664
Birk Hollyard,2/19/1994,2,38,766
Horace Spyby,1/3/1959,2,26,472
Quentin Vermer,12/24/1967,2,13,484
Patsy Halfhead,9/8/1970,1,32,373
Sherie Brownhill,10/26/1964,1,10,914
Ezri Oseland,12/21/1990,2,19,486
Gunilla Durrett,11/15/1988,2,20,892
Skipper Elderfield,2/6/1987,1,26,355
Aubree Laphorn,11/7/1995,1,38,1119
Penrod Victoria,6/30/1995,1,7,924
Carry Oakenfield,5/22/1980,2,11,372
Geralda Pennycook,1/24/1975,1,5,955
Lowe Southouse,10/21/1992,1,13,1025
Waldon Blasdale,5/21/1988,2,16,328
Jeff Liebmann,6/27/1981,2,38,787
Kain Kettow,7/12/1997,2,8,213
Tymon Durbin,8/22/1988,2,38,296
Isobel Yarranton,2/12/1966,1,46,611
Alwyn Vashchenko,5/12/1956,1,7,340
Fons MacCartair,4/11/1973,1,16,511
Ginevra Norsister,4/6/1995,1,26,631
Amelina Thomkins,1/6/1956,1,13,928
Luis Rudd,10/29/2002,1,7,336
Malina Ransbury,4/22/1954,2,24,559
Vlad Doornbos,10/29/1973,1,27,697
Jeanie Ivanyutin,5/29/1971,2,17,612
Leif Beddin,3/23/1964,1,36,762
Ladonna Driffill,10/13/1997,1,45,589
Sylvia Vigers,7/27/1976,1,46,953
Michal Sidry,10/19/1966,2,9,529
Pascal Rosensaft,1/3/1982,1,24,236
Aile Hartup,8/8/1952,2,13,640
Kenton Grinsdale,8/3/1986,1,31,959
Esme Andrag,7/22/1993,1,47,353
Pennie Pickavance,12/18/1997,1,41,574
Ashbey Lifsey,5/4/1982,1,36,345
Aylmer Chawkley,9/30/1985,1,27,163
Gaye Arcase,9/6/1959,1,37,156
Mohandas Chasmor,6/14/1951,2,37,979
Barde Ghost,1/20/1956,1,40,324
Sydelle Yashunin,3/3/2002,2,31,273
Terri-jo Barizeret,1/14/1966,2,49,646
Victoir Ewbanche,9/5/2005,2,2,1109
Hadleigh Eslie,10/23/1963,1,5,985
Reinald Boydon,7/19/1965,1,43,1054
Biddy Romain,3/9/1993,1,7,505
Abran Morrowe,12/12/1969,2,35,865
Den Nannini,3/7/1970,1,9,586
Lanny Shotboult,7/26/1965,1,31,768
Trey Bill,4/13/2003,1,10,814
Shell Ditchett,8/16/1960,1,35,1031
Ryon Robard,5/31/1957,2,7,1009
Trevor Snoddon,4/14/1950,1,1,231
Linus Cordie,5/19/1993,2,17,557
Reta Shewery,2/20/1971,2,25,189
Robinette Hallsworth,4/16/2004,1,30,354
Millie Heatley,3/9/1962,2,23,331
Loise McAlees,2/5/1963,2,2,836
Lonee Bolsover,5/20/1969,1,19,706
Trefor Sirrell,4/3/1963,2,35,226
Tommy Towne,4/12/1972,1,30,225
Caryl Lothlorien,9/7/1975,2,29,907
Gisella Tomovic,6/8/1972,1,28,273
Felicity Jevons,8/13/1997,1,4,920
Ashely Denness,3/28/1965,2,16,792
Suzanne McKearnen,10/18/1992,2,27,294
Genovera Hadrill,2/23/1952,1,17,823
Christan Grealish,5/9/1970,2,33,264
Parrnell Arundell,8/8/1974,1,37,304
Abby Shone,8/27/1989,1,3,186
Gwennie Vala,12/18/2003,2,35,617
Fredelia Thirwell,4/30/1996,2,17,1107
Alane Cordell,1/1/1993,2,34,281
Darcee Radish,6/6/2005,2,24,552
Carena Simonel,8/15/1980,1,35,489
Delphinia Denisot,5/2/1971,1,47,882
Alain Cream,5/16/1979,2,22,790
Pablo Folcarelli,3/22/1970,1,33,226
Beaufort Faulconbridge,4/26/1994,2,25,1017
Myrtia Trickey,10/2/1976,1,29,987
Linette Nana,1/29/1952,2,20,500
Chariot de Copeman,11/15/1975,2,27,474
Annetta Manes,2/14/1993,2,48,414
Mella Pickworth,11/4/1954,2,23,212
Deloria Vipan,3/24/2000,2,8,1028
Petronia Cremer,5/6/1980,2,35,668
Agathe Christou,10/5/1958,1,29,402
Harwilll Deare,6/18/1959,2,6,451
Noam Lydiard,1/11/1985,1,29,128
Sarette Segoe,12/19/1962,2,30,1021
Duky Aldersey,3/19/1959,1,2,532
Ximenez Dillet,8/12/1974,1,6,253
Iago Hekkert,10/15/1954,1,10,238
Marlyn Face,12/22/1978,1,39,544
Andee Balstone,8/5/1960,1,48,197
Saree Screech,7/30/1952,2,19,341
Dunstan Belsher,9/7/1984,2,16,195
Sheela Gosforth,6/15/1975,1,20,1012
Gal Pedley,5/21/1965,1,25,592
Valle Mirams,6/9/1957,1,47,893
Fraser Behrend,4/7/1962,1,44,791
Victor Ludye,9/29/2000,2,16,1070
Brade Crossfeld,2/11/1987,2,35,1088
Cynthea Maffi,2/18/1968,1,7,628
Amery Boyford,7/22/1963,1,17,912
Carley Musla,8/1/1986,1,20,133
Lindsy Gaucher,5/17/1959,2,43,507
Mallory Maddison,7/7/1990,1,40,503
Aggi Gatley,3/3/1994,1,14,932
Larina Willan,11/19/1970,1,9,892
Venus Tatersale,10/19/1962,1,5,243
Jedediah Tresise,12/22/2002,1,25,396
Ilene Stebbing,4/4/1998,2,38,693
Lon Manus,4/28/1993,1,22,540
Dalila Yablsley,9/19/1985,2,23,625
Sigmund Eardley,8/22/1967,1,25,1044
Klemens Stuchberry,11/28/1969,1,23,843
Garwin Timoney,12/21/2003,1,49,632
Carleton Gayden,11/20/1984,2,7,780
Helene Masser,5/4/2000,2,4,516
Merissa Beeke,11/30/1964,2,5,719
Caddric Dowse,12/31/1998,2,36,630
Zebedee Cunniam,5/30/1973,1,4,727
Phip Kirgan,3/16/1989,2,24,425
Kev Chuney,4/1/2002,1,32,301
Alexina Mervyn,5/3/1962,2,34,939
Claudius Sothern,1/16/1964,2,44,355
Joey MacIver,6/26/1967,2,20,300
Elwyn Ruddell,9/6/1983,2,42,155
Ynez Schankelborg,4/27/1966,2,11,486
Darcy Bennedsen,1/14/1978,1,35,203
Ernie Plumptre,5/5/1950,2,41,398
Lee Noddles,8/29/1978,2,20,503
Artus Snar,11/10/1950,1,12,747
Sherwynd Fawdry,4/5/1976,1,43,470
Blake Lewinton,12/26/1957,1,45,990
Raven Vyvyan,7/15/1994,1,33,209
Chane McKeefry,5/18/1956,1,5,462
Barb Kmiec,1/17/1959,1,12,177
Renelle McIleen,5/30/2005,2,36,360
Ariel Ferraresi,6/28/1956,1,37,292
Boony Isaaksohn,3/13/2005,1,35,945
Beltran Lupton,6/3/1966,1,30,592
Shayla Rickerd,4/17/1976,1,7,453
Ring Oldaker,10/15/2004,1,48,179
Darell Wyness,9/15/2000,2,20,182
Erskine Chater,9/13/1990,2,42,763
Rossy Yorke,1/30/1993,2,5,592
Deloria Duding,1/17/1955,2,34,970
Berkeley Wilkenson,9/16/1985,2,10,248
Janeczka Musprat,5/13/1977,2,23,1008
Romola Skea,3/2/1996,2,36,341
Karim Skitteral,1/16/1971,2,3,1119
Karil Semper,3/20/1977,1,42,319
Reid Schneidar,3/9/1987,1,24,287
Timoteo Neve,12/9/1990,2,29,821
Ivor Walder,5/28/1958,2,49,525
Iolanthe Matchell,8/5/1969,1,38,785
Nicolette Parvin,10/20/1954,2,41,351
Jonah Witling,1/25/1979,1,12,168
Rebbecca Rosser,9/1/1970,1,44,1038
Harlene Bazire,2/21/1953,1,18,974
Mallissa Duckerin,1/6/1982,1,44,495
Stacey Ezzell,2/6/1991,2,17,125
Shandy Thaxter,5/18/1992,2,21,195
Joleen Eversley,4/24/1954,2,29,214
Jonathan Canto,7/29/1986,2,12,429
Christy Marques,3/3/1960,1,42,1074
Jolyn Bellham,6/24/1966,2,10,713
Earl Comber,5/2/1985,2,36,707
Flint Cerro,8/20/1997,1,14,132
Idette Cantwell,10/11/1955,2,50,601
Conni Schimonek,6/1/1985,1,30,1044
Cart Senten,11/9/1986,1,16,1066
Ronnica Klimczak,7/29/1986,1,13,291
Angelle Fulton,3/22/1976,2,19,552
Arlette Wehner,10/14/1993,1,1,208
Brandise Heinreich,5/31/2001,2,19,975
Pennie Alekseicik,3/31/1962,1,25,467
Celestina Hassan,5/29/1970,2,15,714
Erasmus Curwood,4/20/1999,2,28,812
Alejandra Frid,6/7/1967,2,48,842
Bunny Ismail,6/4/1986,1,49,307
Gwendolyn Epine,1/17/1995,2,45,125
Pauli Bangiard,6/3/1980,1,2,960
Corney Conroy,8/1/1989,1,27,483
Emmalee Champness,6/15/2003,2,19,307
Valida Davenell,6/26/1959,1,43,614
Aldin Klemz,4/20/1975,1,2,640
Lorrie Ritchings,5/10/1985,2,17,273
Toby Easbie,1/31/1985,1,19,917
Milton Andreas,11/18/1962,2,34,477
Legra Brithman,11/29/1967,2,24,1056
Codi McGiven,12/8/1955,1,11,335
Morlee Enterlein,3/5/1981,2,12,930
Jaquelyn Duffin,12/19/1965,1,5,924
Kristyn Feckey,7/6/1995,1,46,426
Linnea Whiley,3/17/1966,2,11,328
Jarrod Kirdsch,2/9/1977,1,47,225
Bili Keaveny,6/17/1979,2,18,635
Jonell Kimbling,10/15/2000,2,49,154
Elliot Cotelard,11/9/1999,2,4,174
Gayler De Lasci,1/18/1994,2,16,974
Katusha Duchatel,1/6/1990,2,15,507
Ursa Dealy,2/4/1961,2,14,765
Adrienne Burr,10/10/1961,2,49,1044
Keri Forgan,2/7/1974,2,40,720
Florette McGroarty,1/18/1989,2,36,743
Shea St Angel,1/16/1977,1,17,520
Hinda Codlin,10/4/1988,1,19,485
Abelard McCluskey,12/9/2005,2,35,1029
Sabra Pole,12/29/1986,1,40,603
Kala Brownlie,2/4/1958,1,4,631
Sebastien Wixey,10/21/1954,2,42,353
Isahella Bracknall,2/28/1983,2,4,773
Tiffany Pearman,8/28/2003,2,39,405
Ariella Wolfer,4/17/1973,2,6,818
Sheelagh Lovering,9/25/1993,2,3,644
Carleton Glasby,7/3/1976,2,26,1078
Nikolaus Kornalik,9/19/1983,2,32,534
Obadias Colchett,6/24/1989,1,1,1072
Sisile Kobes,10/2/1958,1,42,907
Gib Lghan,4/2/1974,2,40,765
Mirilla Dalyiel,10/22/1974,1,33,407
Mordecai Shropsheir,12/23/1957,1,40,539
Elyssa Greville,1/10/1976,1,39,321
Ruperta Lescop,11/6/1957,2,47,984
Morganica Backsal,1/27/1963,1,42,1030
Rand Carrier,5/19/1986,1,31,590
Payton Blacklidge,3/23/1974,1,3,352
Gracie Rasmus,5/13/1970,2,31,581
Gerrie Thomelin,9/25/1980,1,20,264
Kirsten Fernely,3/9/1988,2,8,1089
Alastair Pero,12/27/1997,2,17,375
Merilyn Penas,12/31/1964,1,18,132
Bing Long,8/6/1962,2,15,828
Robina Shepeard,3/8/1981,2,12,262
Adelbert Gillion,12/23/1997,1,19,763
Kip Pearn,2/23/1998,2,37,288
Flynn Grewes,1/7/1969,1,28,527
Shurlock Jaycocks,10/21/1981,1,3,878
Alfred Keenlyside,5/3/1977,2,40,514
Rochelle Thomel,12/15/1983,2,21,1043
Sherrie Osbourn,8/28/2001,2,30,326
Barbey Djordjevic,1/20/1979,2,1,272
Amie Burlay,10/4/1965,2,38,1040
Arden Limrick,11/27/1965,2,15,521
Lelah Worshall,12/13/2000,1,31,223
Terza Siggins,10/17/2005,1,27,779
Meredith Kingaby,12/21/1954,2,9,741
Latrena Galbraeth,6/9/1978,2,39,1074
Gisele Beri,9/7/1966,1,1,346
Patti Breadon,11/13/1957,2,13,862
Sander Bonhome,9/5/1977,1,34,217
Idelle Chad,7/28/1977,2,36,917
Allie Shapter,5/18/1970,2,28,632
Tommie Fetterplace,5/29/1965,2,25,641
Lambert De Hooge,11/18/1980,1,34,557
Cherri Johanning,11/4/1958,2,25,183
Falito Massingham,9/1/1980,1,39,325
Luca McMinn,3/30/1998,2,11,807
Davis Accombe,1/15/1965,1,26,910
Adelbert Chasteney,5/18/1994,1,2,935
Charla Nieass,11/17/1965,2,23,541
Anselm Meineken,4/23/1971,1,38,699
Inez Robillard,2/20/1982,1,23,874
Andria Bedenham,3/11/1955,2,4,745
Janessa Brangan,4/2/1954,1,16,215
Idell MacGall,5/10/1969,1,1,435
Ardis Corington,7/26/1985,2,32,923
Pauly Berkely,3/1/1984,2,34,1112
Maritsa Bordessa,6/6/1979,2,47,993
Debora Blenkhorn,1/6/1967,2,24,525
Kalil Redish,2/16/1961,2,28,573
Millard LAbbet,2/3/1980,1,31,421
Tessie Van der Kruis,5/29/2003,2,25,222
Jasmina Rowe,6/19/1994,2,49,951
Alix Mattheis,4/30/1981,2,10,320
Ernaline Mayger,3/13/1977,1,23,378
Mae Breming,8/18/1996,1,49,619
Mischa Cesconi,1/14/1990,2,29,659
Catharine Arnhold,4/5/2000,1,3,526
Ivory Bennington,3/19/1980,2,2,377
Robin Obington,2/25/1978,2,42,483
Gayle Tomaskunas,10/8/1980,1,31,403
Mollie Duffill,10/7/1976,2,4,1048
Annalise Marson,6/28/1979,2,30,986
Arley Burnyate,5/8/1988,2,10,1084
Mitzi Leifer,8/22/1959,2,20,370
Ninetta Johnys,10/12/2003,1,28,929
Saidee Burnham,1/24/1973,1,13,348
Robinson Veltmann,5/29/1972,2,7,953
Whitman Geffinger,3/15/1958,2,45,467
Jeana O'Dunniom,12/26/2002,2,9,180
Godard Leyshon,10/25/1966,2,12,1027
Olivia Jowett,1/4/1969,2,22,265
Marigold Bremeyer,1/5/1960,2,13,214
Lu Manicomb,2/8/1954,1,44,370
Alfie Bing,8/31/1984,1,7,686
Townsend Scamadin,10/7/1991,2,23,417
Elbert Fere,8/25/1972,1,6,396
Frederique Phipson,2/5/1987,2,34,644
Cecilio Stanlike,1/27/1955,1,33,355
Gae Ivanikhin,8/27/1977,2,22,942
Germana Coffelt,3/8/1994,1,23,832
Blayne Harlick,1/17/1959,1,44,1005
Gilligan Erswell,10/8/1981,1,49,592
Niel Claesens,8/14/1951,1,6,244
Kathlin Ovenden,12/6/1990,2,41,992
Terrence Holtum,3/5/1961,2,23,1077
Lyndsey Jollye,8/19/1967,2,50,176
Lauretta Stamp,4/28/1951,1,9,572
Elly Labroue,3/26/2002,1,7,957
Jerry Pepperrall,4/1/1990,1,24,690
Sholom Giraudeau,10/1/1996,1,17,1096
Lee Moff,7/15/1989,2,33,214
Damaris Walbrook,11/12/1978,2,17,1032
Tod Ligertwood,4/5/1987,2,3,894
Zebedee Stanbrooke,8/22/1968,2,42,270
Frazer Buffham,6/16/1966,2,4,1022
Marshall Gainsbury,5/14/1997,2,20,251
Johann Kittman,4/2/1993,1,49,981
Ashli Eilhermann,10/24/1981,1,47,854
Brittne Duignan,10/13/1997,1,13,947
Hall Fowles,3/5/2005,2,16,356
Genevra Creagh,9/27/1955,1,41,381
Huntley Cabral,1/3/1995,2,15,988
Charlie Mettetal,7/18/1993,1,24,322
Christos Dossantos,3/6/1974,2,42,1105
Enrika McMains,11/21/1975,2,48,127
Anne-corinne Oubridge,9/5/1992,2,47,404
Wilma Claughton,9/18/1957,2,32,285
Lou Satchell,12/28/1961,2,6,578
Etty Hinchon,12/25/1966,1,20,719
Clemens Le feaver,6/10/1952,1,50,315
Kelsey Papaminas,1/15/1958,2,2,826
Jori Pau,7/13/2003,2,48,819
Dyana Ikin,8/19/1972,1,12,1021
Michaella Bleue,12/19/1985,1,2,566
Lorens Kalderon,4/8/1980,2,25,692
Merralee Bocock,5/9/1961,2,33,958
Perkin Bilbey,12/21/2002,2,1,608
Melonie Sherrard,8/27/1958,1,19,739
Rosalynd Rickardes,7/14/1965,1,29,983
Aili Sleeny,5/6/2004,2,9,900
Trev Savile,5/15/1992,2,11,1032
Barbey Dahmel,3/13/2002,2,2,209
Padraig Chretien,6/23/1989,1,15,249
Courtnay Gilks,11/23/1982,2,32,206
Barry Rattenberie,12/5/2004,1,7,457
Malcolm Peer,6/8/1997,2,40,908
Henryetta Tozer,6/8/1973,1,47,145
Lawton Weekland,12/23/2002,1,40,979
Filippa Van der Kruys,6/12/1998,1,22,540
Hannis Manthroppe,11/10/1971,2,5,607
Agathe Hibling,7/25/1983,1,28,974
Izak Kenewell,6/29/2002,1,39,1115
Maddalena Piburn,6/18/1978,2,32,1068
Kerrill Callingham,8/22/1967,1,7,327
Aldon Grizard,12/2/1964,2,30,720
Kassia Brandenberg,12/22/1983,2,1,386
Alli Stefanovic,5/10/1960,1,42,152
Joann Brian,5/6/1968,2,41,692
Lyndell Booeln,12/14/1954,1,21,1058
Avril Shurmer,12/12/1996,1,28,465
Orel Marshland,12/27/1963,1,11,764
Karlee Rawstorne,7/26/1985,1,12,1058
Morrie Cawsy,12/27/1979,2,10,165
Jethro Wyne,4/21/2001,1,21,301
Ardeen Begg,6/17/1988,2,6,676
Ethelred Cayford,7/9/1963,2,36,762
Lyndy Rubra,5/12/2005,2,32,679
Waldon Dayton,7/25/1958,2,8,973
Lela Look,2/9/1997,1,32,778
Giselle Ruhben,3/5/1989,1,41,917
Charisse Gadesby,6/9/1983,1,40,646
Wernher Casero,5/14/1970,2,17,550
Bevvy Seebert,10/9/1974,2,48,265
Marget Parrot,7/27/1960,2,11,690
Lea Siebert,1/11/1997,2,17,696
Saunders Hagwood,9/26/1952,2,14,937
Vernice Byway,11/25/1951,2,46,299
Adena Brogan,11/7/1972,1,3,380
Dal Dunbabin,7/29/1981,1,17,282
Dorie Reightley,4/15/1985,2,39,1089
Karly Reedy,10/14/1976,2,1,781
Jeanelle Pellew,9/9/1978,1,41,505
Emily Bisterfeld,2/1/1954,2,19,191
Mathilde Benedito,5/12/1994,1,45,957
Cherry Bullimore,9/3/1977,1,11,407
Grannie Orbon,5/26/1961,2,29,155
Karlens Hartland,3/19/1957,1,39,559
Gelya Hubach,11/11/1984,1,42,969
Teddy Zorzutti,5/29/1972,1,18,196
Oliy Bullman,4/10/1965,2,37,323
Millisent Opy,12/6/1962,2,6,145
Nicolis Grumble,8/7/1979,1,49,864
Matelda Hanny,12/3/2005,1,19,177
Jeffry Brunger,10/15/1967,2,35,1108
Hedy Knappett,11/11/1981,2,50,146
Ericha Bore,8/18/1992,1,32,655
Udale Heigl,1/26/1991,2,33,341
Sande Lacase,12/28/1964,2,18,537
Ramona Corstorphine,12/22/1976,2,40,188
Delphinia Croneen,9/6/1955,1,32,224
Mame Gwillim,6/21/1959,1,19,763
Angeline Gyurkovics,11/11/1970,2,34,126
Linus Bricket,5/10/2000,2,44,1077
Wilt Ruger,6/10/1968,2,40,510
Beauregard Zorro,10/30/1955,2,43,190
Emmalee Willbraham,6/5/1965,1,21,810
Alysa Mitro,10/23/1956,1,44,132
Bride Baake,8/23/1998,2,37,461
Vikky Dagworthy,10/22/2005,1,42,818
Ambrose Tarbet,2/21/1952,1,15,518
Anatollo Passy,4/8/1978,1,13,744
Jorge L'Episcopi,12/5/1955,1,46,384
Aurlie Rosario,12/29/1988,1,40,880
Langsdon De Vaan,12/29/1966,1,47,1079
Ilka Beardow,2/15/2004,1,34,877
Sherill Granger,3/7/1985,1,9,372
Lionello Gianinotti,2/6/2005,2,25,977
Mikey Bonnier,1/5/1996,2,36,649
Sallee Brundell,12/4/1951,2,27,1067
Quintilla Ovey,7/17/1994,2,21,651
Nola Alway,11/3/1957,2,6,935
Bridie Rottger,5/14/1967,1,30,1086
Catharina Dornin,8/26/1990,2,34,145
Ebonee Sandifer,2/25/1978,1,21,723
Amelita Rupke,4/4/1968,1,27,426
Jock Saladin,9/18/1982,2,29,529
Ericka Feak,2/14/2004,2,34,397
Base Waiting,1/24/1972,1,6,912
Seward Deluca,3/22/1989,1,18,261
Dean Sandells,7/16/1966,1,10,572
Bunnie Whimp,7/29/1970,1,32,149
Demetris Stitch,8/1/1959,1,32,964
Gerty Le Cornu,5/1/1978,1,9,1050
Eada Simmance,12/20/1953,1,33,623
Nert Willgoose,8/6/1962,1,16,873
Ynes Shewry,5/18/1977,1,18,835
Cybill Colaton,2/4/1950,1,21,294
Salomone Dubery,3/7/1983,1,7,383
Walther Goodbourn,9/9/2003,2,16,1094
Adelind Kennewell,10/13/1988,1,20,663
Josias Taunton.,8/16/1984,1,30,485
Russ D'Alessio,3/19/1968,2,37,969
Rad Braycotton,9/13/2002,2,42,508
Clark Upsale,6/5/1985,1,49,245
